date,topic
2025-01-29,Сновидения и их значение в жизни человека
2025-01-30,Как сны влияют на психику человека?
2025-01-31,Почему сбываются сны?
2025-02-01,Как нейросеть может анализировать сновидения?
2025-02-02,Как управлять своими снами? Техника осознанных сновидений
2025-02-03,Сновидения: факты и мифы
2025-02-04,Современные методы интерпретации снов
2025-02-05,Рекомендации фильмов о снах которые открывают новые горизонты восприятия реальности
2025-02-06,Скрытые страхи и желания раскрываются в наших ночных образах
2025-02-07,Пустая комната - это метафора внутреннего состояния во сне
2025-02-08,Море во сне: что оно символизирует для нашего подсознания?
2025-02-09,Какие установки компенсируют сны?
2025-02-10,Повторяющиеся сны: какие скрытые значения они могут нести?
2025-02-11,Рыба во сне: символ процветания или духовной трансформации?
2025-02-12,Влияние снов на принятие решений: как они могут формировать нашу реальность?
2025-02-13,Забытые сны: почему они так важны для понимания себя?
2025-02-14,Сны это средство борьбы с тревогами и беспокойством
2025-02-15,Зомби в снах: связь с забытыми страхами и внутренними блоками
2025-02-16,Рекомендации по книгам для глубокого понимания сновидений
2025-02-17,Зеркала в снах отражают наше восприятие реальности
2025-02-18,Ритуалы перед сном для предотвращения ночных кошмаров
2025-02-19,Что значит сон о доме? Как интерпретировать этот символ
2025-02-20,Факты и мифы о снах которые стоит знать каждому
2025-02-21,Как качество сна влияет на физическое и психологическое состояние
2025-02-22,Сновидческие персонажи: их роль в наших снах
2025-02-23,Сновидения о дальних странах: почему нам снятся путешествия?
2025-02-24,Символика воды во снах и её связь с нашими эмоциями
2025-02-25,Огонь в наших снах - символ очищения или разрушения?
2025-02-26,Летать во сне: что символизирует этот опыт для нашего внутреннего мира?
2025-02-27,Сны о горах и пещерах: как их интерпретировать для самопознания
2025-02-28,Как отличить сон от реальности и понять его значение?
2025-03-01,Сны о прошлом: что они могут рассказать о нашем настоящем
2025-03-02,Новые исследования о снах и их связи с подсознанием
2025-03-03,Как цвета во сне влияют на восприятие реальности?
2025-03-04,Животные как архетипы в снах
2025-03-05,Загадочные символы в снах и их разгадка
2025-03-06,Что такое сонный паралич и как его преодолеть?
2025-03-07,Осознанные сны и техника их управления
2025-03-08,Что могут сказать о нашем прошлом забытые сны?
2025-03-09,Сны как источник вдохновения для творчества
2025-03-10,Повторяющиеся сны: влияние на психику человека
2025-03-11,Сны как предсказания будущего
2025-03-12,Как кошмары раскрывают наши глубинные страхи
2025-03-13,Сны как откровения: секреты которые они раскрывают
2025-03-14,Влияет ли лунный цикл на сновидения?
2025-03-15,Как культурные различия влияют на восприятие снов
2025-03-16,Анализ снов как путь к личностному росту
2025-03-17,Эмоции в снах и их связь с нашим состоянием
2025-03-18,Сновидческие сигналы: как правильно интерпретировать важные знаки?
2025-03-19,Сны как отражение физического состояния
2025-03-20,Мистические сны и их символика
2025-03-21,Медитация и её влияние на сновидения
2025-03-22,Мифологические существа в снах: мары и ночные кошмары
2025-03-23,Древнегреческие боги и герои как символы в снах
2025-03-24,Мифологические существа вампиры и оборотни в снах
2025-03-25,Животные в мифах и их значение в сновидениях
2025-03-26,Мифы о смерти и их отражение в наших снах
2025-03-27,Мифология и ночные кошмары
2025-03-28,Мифологические боги и их влияние на сознание сновидца
2025-03-29,Символика снов в разных культурах
2025-03-30,Мифологические архетипы в снах
2025-03-31,Мифология и психология в наших снах
2025-04-05,Сигналы от вселенной - как сделать правильный выбор
2025-04-06,Мы думаем что сами принимаем решения - свобода воли это миф или реальность? 
2025-04-07,Как социальные нормы нас ограничивают
2025-04-08,Как легко объяснить свои неудачи внешними обстоятельствами?
2025-04-09,Как изменить шаблон мышления?
2025-04-10,Вы точно любите себя?
2025-04-11,Рецепт от выгорания
2025-04-12,Осознанность в своих мыслях
2025-04-13,Исследование как работает наш мозг
2025-04-14,Как не поддаваться влиянию других
2025-04-15,Как стать лучшей версией себя?
2025-04-16,Можно ли изменить тип привязанности
2025-04-17,Что мешает нам наладить контакт с собой
2025-04-18,Для чего нам нужно общение с другими людьми
2025-04-19,Моя работа - это и есть я?
2025-04-20,Как выстраивать границы и отстаивать позицию
2025-04-21,Влияние луны на человека и его циклы
2025-04-22,Почему мы помним не только хорошее?
2025-04-23,Как расставить приоритеты в жизни?
2025-04-24,Как выбрать любимое хобби?
2025-04-25,Что делать если ничего не хочется?
2025-04-26,Какой бывает усталость?
2025-04-27,Саморазвитие как ключ к мечте
2025-04-28,Техники достижения целей
2025-04-29,Мотивационные фильмы
2025-04-30,Мотивационные книги
2025-05-20,Как нейросеть анализирует сны и находит смыслы
2025-05-21,Утренний ритуал для запоминания снов
2025-05-22,Что такое интерпретация сна с помощью ИИ
2025-05-23,5 шагов чтобы начать дневник снов
2025-05-24,Почему Somnia AI точнее чем сонники из детства
2025-05-25,Один сон в день челлендж на неделю
2025-05-26,Как работает обработка символов в модели
2025-05-27,Как выбрать ключевой сон для анализа
2025-05-28,Чем отличаются сны женщин по данным нейросети
2025-05-29,Как понять что сон говорит о будущем
2025-05-30,Можно ли ИИ использовать как психолога
2025-05-31,3 упражнения чтобы глубже понять сон
2025-06-01,ИИ как зеркало бессознательного
2025-06-02,Как настроиться на осознанный сон
2025-06-03,Как нейросеть понимает твои страхи и желания
2025-06-04,Медитация перед сном для самопонимания
2025-06-05,Почему ИИ не заменяет интуицию а усиливает ее
2025-06-06,Как задать вопрос и получить ответ во сне
2025-06-07,Как развивается Somnia AI и чему учится
2025-06-08,Что делать если снится один и тот же сюжет
2025-06-09,Могут ли алгоритмы понять чувства
2025-06-10,Как работать со снами в тревожный период
2025-06-11,Почему искусственный интеллект не навязывает мнение
2025-06-12,Как отличить важный сон от случайного
2025-06-13,Что говорят данные о снах современных женщин
2025-06-14,Подсказка от сна как найти ресурс внутри себя
2025-06-15,Как ИИ помогает отследить повторяющиеся темы во снах
2025-06-16,Сон и реальность как объединить опыт
2025-06-17,Этика ИИ в работе с личными снами
2025-06-18,Как подвести итоги через сны
2025-07-30,Зачем мы видим сны когда просыпаются глубинные смыслы
2025-07-31,Кто ты во сне первый архетип с которым сталкиваются все
2025-08-01,Символ поезда как отражение перемен и движения души
2025-08-04,Почему снится бывший архетип анимы и внутренний баланс
2025-08-06,Символ воды эмоции страх и поток жизни
2025-08-08,Сны про преодоление и победу где ты герой своего пути
2025-08-11,Символ лестницы рост страх и переход
2025-08-13,Ребенок во сне символ новой части тебя
2025-08-15,Как вести дневник снов и находить архетипы
2025-08-18,Пять мифов о снах в которые пора перестать верить
2025-08-20,Как распознать скрытые мотивы через образы во сне
2025-08-22,Символ огня трансформация страсть и тревога
2025-08-25,Анализ сна от Somnia AI с глубинной символикой
2025-09-01,Звери во сне как узнать свою инстинктивную силу  
2025-09-03,Почему сны пугают и как за страхом прячется ресурс  
2025-09-05,Символ волка интуиция одиночество и внутренняя свобода  
2025-09-08,Архетип мудреца когда сны говорят голосом наставника  
2025-09-10,Как отличить вещий сон от тревожного сценария  
2025-09-12,Символ кошки независимость чувственность и магия  
2025-09-15,Что повторяющиеся места во снах говорят о тебе  
2025-09-17,Архетип матери как появляется забота в образах сна  
2025-09-19,Символ змеи трансформация исцеление страх  
2025-09-22,Как сны помогают завершить внутренние конфликты  
2025-09-24,Символ медведя сила границы и пробуждение  
2025-09-26,Архетип возлюбленного когда душа ищет близость  
2025-11-22,шикарный автомобиль, большое зеркало, отсутствие прав, неудобное сидение, счастье
2025-11-23,туманная дорога, мост в пустоту, голос из темноты
2025-11-24,старый дом, закрытые двери, детские игрушки
